{
  "aisNormalImage-Fishing":{
  "src": "/user/images/blue_normal.png",
  "anchor": [10,15],
  "size":[20,30],
  "courseVectorColor": "#4274bf",
  "rotate":true
  },
  "aisNearestImage-Fishing":{
  "src": "/user/images/blue_near.png",
  "anchor": [10,15],
  "size":[20,30],
  "courseVectorColor": "#4274bf",
  "rotate":true
  },
  "aisWarningImage-Fishing":{
  "src": "/user/images/blue_alert.png",
  "anchor": [10,15],
  "size":[20,30],
  "courseVectorColor": "#fd8851",
  "rotate":true
  },
  "aisNormalImage-Pilot":{
  "src": "/user/images/pilot_normal.png",
  "anchor": [10,15],
  "size":[20,30],
  "courseVectorColor": "#000000",
  "rotate":true
  },
  "aisNearestImage-Pilot":{
  "src": "/user/images/pilot_near.png",
  "anchor": [10,15],
  "size":[20,30],
  "courseVectorColor": "#000000",
  "rotate":true
  },
  "aisWarningImage-Pilot":{
  "src": "/user/images/pilot_alert.png",
  "anchor": [10,15],
  "size":[20,30],
  "courseVectorColor": "#000000",
  "rotate":true
  },
  "aisNormalImage-Tug":{
  "src": "/user/images/tug_normal.png",
  "anchor": [10,15],
  "size":[20,30],
  "courseVectorColor": "#000000",
  "rotate":true
  },
  "aisNearestImage-Tug":{
  "src": "/user/images/tug_near.png",
  "anchor": [10,15],
  "size":[20,30],
  "courseVectorColor": "#000000",
  "rotate":true
  },
  "aisWarningImage-Tug":{
  "src": "/user/images/tug_alert.png",
  "anchor": [10,15],
  "size":[20,30],
  "courseVectorColor": "#000000",
  "rotate":true
  },
  "aisNormalImage-Pleasure":{
  "src": "/user/images/pleasure_normal.png",
  "anchor": [10,15],
  "size":[20,30],
  "courseVectorColor": "#000000",
  "rotate":true
  },
  "aisNearestImage-Pleasure":{
  "src": "/user/images/pleasure_near.png",
  "anchor": [10,15],
  "size":[20,30],
  "courseVectorColor": "#000000",
  "rotate":true
  },
  "aisWarningImage-Pleasure":{
  "src": "/user/images/pleasure_alert.png",
  "anchor": [10,15],
  "size":[20,30],
  "courseVectorColor": "#000000",
  "rotate":true
  },
  "aisNormalImage-Sail":{
  "src": "/user/images/pleasure_normal.png",
  "anchor": [10,15],
  "size":[20,30],
  "courseVectorColor": "#000000",
  "rotate":true
  },
  "aisNearestImage-Sail":{
  "src": "/user/images/pleasure_near.png",
  "anchor": [10,15],
  "size":[20,30],
  "courseVectorColor": "#000000",
  "rotate":true
  },
  "aisWarningImage-Sail":{
  "src": "/user/images/pleasure_alert.png",
  "anchor": [10,15],
  "size":[20,30],
  "courseVectorColor": "#000000",
  "rotate":true
  },
  "aisNormalImage-Cargo":{
  "src": "/user/images/cargo_normal.png",
  "anchor": [10,15],
  "size":[20,30],
  "courseVectorColor": "#000000",
  "rotate":true
  },
  "aisNearestImage-Cargo":{
  "src": "/user/images/cargo_near.png",
  "anchor": [10,15],
  "size":[20,30],
  "courseVectorColor": "#000000",
  "rotate":true
  },
  "aisWarningImage-Cargo":{
  "src": "/user/images/cargo_alert.png",
  "anchor": [10,15],
  "size":[20,30],
  "courseVectorColor": "#000000",
  "rotate":true
  },
    "aisNormalImage-Tanker":{
  "src": "/user/images/tanker_normal.png",
  "anchor": [10,15],
  "size":[20,30],
  "courseVectorColor": "#000000",
  "rotate":true
  },
  "aisNearestImage-Tanker":{
  "src": "/user/images/tanker_near.png",
  "anchor": [10,15],
  "size":[20,30],
  "courseVectorColor": "#000000",
  "rotate":true
  },
  "aisWarningImage-Tanker":{
  "src": "/user/images/tanker_alert.png",
  "anchor": [10,15],
  "size":[20,30],
  "courseVectorColor": "#000000",
  "rotate":true
  }
}
